2019-04-15 23:17:58,"b""I love this movie!  I think it's Olivia De Havilland's best role!  Light in the Piazza 1962 American romantic drama\xe2\x80\xa6 https://t.co/u7fKAWeMDY""","California, USA"
2019-04-15 22:45:55,b'Total drama gone wild is a good show on March 6th 2021 there getting a movie!!! https://t.co/xBtpUEOiLM',"North Palm Beach, FL"
2019-04-15 22:42:45,"b'RT @cclarkinspire7: Coming soon...The powerful, thriller, action and drama movie "" THE BRIDGE "" ... A Brandon Bias Productions\nWhat do you\xe2\x80\xa6'","Atlanta, GA"
2019-04-15 22:34:02,"b'A Family Man Official Trailer #1 (2017) Gerard Butler, Alison Brie Drama Movie HD\nWatch: https://t.co/t12rekUWNC'","Oregon, USA"
2019-04-15 22:21:00,b'@MrWarrenHayes Sounds like a movie tbh. A drama/comedy',"Florida, USA"
2019-04-15 22:10:27,b'RT @CerealMidnight: Just watched @realbdw Billy Dee Williams in the 1974 corrupt-cop drama \xe2\x80\x9cThe Take.\xe2\x80\x9d Fantastic performance from a fantast\xe2\x80\xa6',"Plymouth, MN"
2019-04-15 22:04:09,"b'RT @cclarkinspire7: Coming soon...The powerful, thriller, action and drama movie "" THE BRIDGE "" ... A Brandon Bias Productions\nWhat do you\xe2\x80\xa6'",MN | LAX | NY
2019-04-15 21:48:24,"b'Weds. Movie Matinee, April 17th @ 1 PM - In early 18th century England, a frail Queen Anne occupies the throne and\xe2\x80\xa6 https://t.co/T43PgAuYfT'","Derby, CT"
2019-04-15 21:47:04,"b'@stclairashley My wife is a movie fan, I\xe2\x80\x99m a sports fan. Athletics had more real drama this week than any Oscar win\xe2\x80\xa6 https://t.co/BaYMO4vCQb'",Virginia
2019-04-15 21:39:51,"b'Cold Deck Movie - Crime, Drama, Gambling Movie https://t.co/W2JQjO94ec via @YouTube'","Los Angeles, CA"
2019-04-15 21:20:26,b'@flame_hat_guy And I wouldn\xe2\x80\x99t be mad if everyone lived it\xe2\x80\x99s a super hero movie not a drama',"Birmingham, AL"
2019-04-15 20:48:38,"b'@ryanv1985 @MattWalshBlog @benshapiro People are ignorant. If we are made in Gods image, then is it not necessary t\xe2\x80\xa6 https://t.co/bWPZ5Jy4Dc'","Northeast, TX"
2019-04-15 20:28:49,"b""@GlinkLive Another drama movie came out that year named a silent voice, it's in my top 3 films I reccomend it.""","Arizona, USA"
2019-04-15 20:24:49,"b'RT @aftereditshessa: Okay no matter how many things they changed for the movie, I don\xe2\x80\x99t think it would have been better as a tv show. A tv\xe2\x80\xa6'",TX
2019-04-15 18:57:23,"b""Don't think of it as the loss of an irreplaceable cultural landmark. Think of it as something beautiful and etherea\xe2\x80\xa6 https://t.co/0h9MKkxkZN""","Los Angeles, California"
2019-04-15 18:52:10,b'@iHaroonRashid Interesting as most pre partition films and dramas depict indian part of India not Pakistani part. L\xe2\x80\xa6 https://t.co/QOQeSzGs20',"Frisco, TX"
2019-04-15 18:47:47,"b'We spoke to actress Elizabeth McGovern about new 1920s period drama The Chaperone, her band and the upcoming Downto\xe2\x80\xa6 https://t.co/5r9MTOOPoY'","New York, NY"
2019-04-15 18:44:02,"b'Roman J Israel, Esq.  Official Trailer #1 (2017) Denzel Washington, Colin Farrell Drama Movie HD...\nWatch: https://t.co/Qw1xE82J2d'","Oregon, USA"
2019-04-15 18:14:03,"b'SUBMISSION Official Trailer (2018) Stanley Tucci, Addison Timlin Drama Movie HD\nWatch: https://t.co/wvDyPlmpJ0'","Oregon, USA"
2019-04-15 18:05:09,"b'An absolutely brilliant, absolutely hilarious, stupendously ultradry sendup of a costume drama with a very serious\xe2\x80\xa6 https://t.co/aBgv9pb2GN'","London, via New York City"
2019-04-15 17:49:49,b'RT @BBWslayer666: Message to all recent players and friends I\xe2\x80\x99m hosting a tenth prestige lobby tn at 9. \nGirls 500 Microsoft points \nGuys 8\xe2\x80\xa6',"Kenmore, NY"
2019-04-15 17:45:10,b'The Rescue of Jessica McClure (Full Movie) Drama. Baby trapped in\xc2\xa0well https://t.co/1hoTr7Wtn8',Europe/USA
2019-04-15 17:14:02,"b'Other People Official Trailer #1 (2016) Molly Shannon, Jesse Plemons Drama Movie HD\nWatch: https://t.co/Lh70TwCbGm'","Oregon, USA"
2019-04-15 17:11:49,"b'Honored to be a movie extra on \xe2\x80\x98The Best of Enemies\xe2\x80\x99, now showing. It\xe2\x80\x99s a historical drama starring some of Hollywo\xe2\x80\xa6 https://t.co/U5Ys56GDNq'","Georgia, USA"
2019-04-15 16:46:18,"b""The dude wanted to show how well he knew a part of 'The Butterfly Effect.' https://t.co/Zfphozv0Pv""","Washington, DC"
2019-04-15 16:46:00,b'RT @BBWslayer666: Message to all recent players and friends I\xe2\x80\x99m hosting a tenth prestige lobby tn at 9. \nGirls 500 Microsoft points \nGuys 8\xe2\x80\xa6',"Queens, New York"
2019-04-15 16:36:38,b'@fifiharoon Interesting as most pre partition films and dramas depict indian part of India not Pakistani part. Late\xe2\x80\xa6 https://t.co/dqkMMOPRfu',"Frisco, TX"
2019-04-15 16:30:00,b'@porfie_moreno @JacobJMP2 @CharlesRobinLe2 @MariaPinam27 @Hmcruzr @TexanPaula @Benstrauss7 @WickedWarrior5\xe2\x80\xa6 https://t.co/YPD4OdfUNw',Independence (LOL)Missouri USA
2019-04-15 16:27:04,"b""@folykl DGLKSDGlksdglksdgj I JUST LAUGHED SO HARD RICE CAME OUT OF MY NOSE. \n\nYeah but there's kin drama EVERYTIME\xe2\x80\xa6 https://t.co/hh04pEw2kl""","New York, USA"
2019-04-15 15:56:34,b'RT @BBWslayer666: Message to all recent players and friends I\xe2\x80\x99m hosting a tenth prestige lobby tn at 9. \nGirls 500 Microsoft points \nGuys 8\xe2\x80\xa6',Screwston TX
2019-04-15 15:35:14,b'RT @PaytmTickets: #Contest: What makes #Kalank the most anticipated period drama of the year? The most innovative answers get a chance to w\xe2\x80\xa6',"KOLKATA,INDIA"
2019-04-15 15:26:56,b'RT @Antboog_1: My life is a whole drama movie \xf0\x9f\x98\x82',"Toledo, OH"
2019-04-15 14:53:23,b'What I love most about all this is she is basically writing her own Lifetime movie and so far it is very good drama. https://t.co/aZuoWT8zTS',"Austin, TX"
2019-04-15 14:39:13,b'RT @BBWslayer666: Message to all recent players and friends I\xe2\x80\x99m hosting a tenth prestige lobby tn at 9. \nGirls 500 Microsoft points \nGuys 8\xe2\x80\xa6',"Naples, FL"
2019-04-15 14:23:03,"b'@JimmyRGeorge The next movie that I wrote and am directing, producing, and acting in shoots on April 28th. Then my\xe2\x80\xa6 https://t.co/JIrfVxrjyV'","Pittsburgh, PA"
2019-04-15 13:38:31,"b'RT @AnimeAbyss: Children of the Sea\n\xe2\x80\xa2 Type: Movie\n\xe2\x80\xa2 Status: Not yet aired\n\xe2\x80\xa2 Aired: June 7, 2019\n\xe2\x80\xa2 Studio: Studio 4\xc2\xb0C\n\xe2\x80\xa2 Genres: Mystery, Sup\xe2\x80\xa6'","Florida, USA"
2019-04-15 13:34:39,b'RT @SuperDreamyMaya: @TheOnlyJamesMan I could swear most people agreeing with them actually came out of the theater after JL typing in all\xe2\x80\xa6',California
2019-04-15 13:22:30,"b'RT @THRArchives: 65 years ago today: MGM\'s star-studded drama \'Executive Suite\' holds its premiere in Hollywood \xe2\x80\x94 ""a magnificent motion pic\xe2\x80\xa6'","Hollywood, CA"
2019-04-15 13:21:57,"b'65 years ago today: MGM\'s star-studded drama \'Executive Suite\' holds its premiere in Hollywood \xe2\x80\x94 ""a magnificent mot\xe2\x80\xa6 https://t.co/eulG5hfSax'","Hollywood, CA"
2019-04-15 13:19:06,"b""RT @rkirchmeyer: #CBS Drama 'The Good Fight' Tweet with \xe2\x80\x99Assassinate Trump' Sparks Calls for @SecretService Investigation https://t.co/VfPg\xe2\x80\xa6""","Sanford, FL"
2019-04-15 12:18:08,"b""#CBS Drama 'The Good Fight' Tweet with \xe2\x80\x99Assassinate Trump' Sparks Calls for @SecretService Investigation\xe2\x80\xa6 https://t.co/K3e3vbRmjV""",Texas
2019-04-15 12:17:49,b'Now playing Do You Believe? Official Trailer 1 (2015) - Drama Movie HD.mp4 by !',"Sacramento, California"
2019-04-15 12:08:31,"b'RT @whirleYAY: The year is 2075 - a new netflix movie was just released about a high school drama, nick centineo starring as an 18 y/o for\xe2\x80\xa6'","Cincinnati, OH"
2019-04-15 11:39:06,"b""@tukicarreno @SteeleWars It's his job dude. It's ok if Reylo ain't a thing. It's a movie. I love the idea of Reylo.\xe2\x80\xa6 https://t.co/sS2ED4Kb1Z""",Massachusetts
2019-04-15 11:20:40,"b'RT @rumorfgc: Like a phoenix rising from the ashes, some conspiracies refuse to rest until their truths are shown.\n\nRumorFromGroundControl:\xe2\x80\xa6'","Los Angeles, CA"
2019-04-15 10:47:29,b'RT @BBWslayer666: Message to all recent players and friends I\xe2\x80\x99m hosting a tenth prestige lobby tn at 9. \nGirls 500 Microsoft points \nGuys 8\xe2\x80\xa6',"Crete, IL"
2019-04-15 10:24:03,"b'Flatliners Official Trailer #2 (2017) Nina Dobrev, Ellen Page Sci-Fi Drama Movie HD\nWatch: https://t.co/v9agAAEgVQ'","Oregon, USA"
